"Nome Locale";"Capienza";"Provincia";"Comune";"Genere locale";"CAP";"Numero civico";"Toponimo";" Ingressi";"Giornate solari";"Indirizzo"
"ALBA";"676";"VERONA";"Verona";"CINEMA";"37137";"6";"VIA";"872";"12";"SANT'ELISABETTA"
"ALCIONE";"446";"VERONA";"Verona";"CINEMA";"37131";"20";"VIA";"64310";"224";"GIUSEPPE VERDI"
"ARENA ESTIVA FIUME";"400";"VERONA";"Verona";"CINEMA";"37100";"7";"VIA";"11174";"73";"PONTIDA"
"ARENA TORCOLO";"400";"VERONA";"Cavaion Veronese";"TEATRO";"37010";"SNC";"VIA";"309";"3";"GIROLAMO FRACASTORO"
"ARENA VERDE";"100";"VERONA";"Trevenzuolo";"ALL'APERTO";"37060";"28";"VIALE";"67";"2";"LUIGI ROSSIGNOLI"
"ASTRA";"472";"VERONA";"San Giovanni Lupatoto";"TEATRO";"37057";"5";"VIA";"20062";"109";"ROMA"
"AURORA";"333";"VERONA";"Verona";"CINEMA";"37131";"17";"VIA";"4651";"73";"GEROLAMO FRACASTORO"
"BALLADORO";"400";"VERONA";"Povegliano Veronese";"PARCO";"37064";"SNC";"VIA";"402";"4";"BALLADORO"
"CAMPLOY";"389";"VERONA";"Verona";"TEATRO";"37129";"32";"VIA";"1138";"6";"CANTARANE"
"CAPITAN BOVO";"339";"VERONA";"Isola della Scala";"TEATRO";"37063";"2B";"VIA";"13125";"131";"RIMEMBRANZA"
"CASTELLO SCALIGERO";"300";"VERONA";"Valeggio sul Mincio";"ALL'APERTO";"37067";"SNC";"VIA";"944";"6";"CASTELLO"
"CASTELLO SCALIGERO - CINEMA ALL'APERTO";"500";"VERONA";"Villafranca di Verona";"ALL'APERTO";"37069";"SNC";"PIAZZA";"2561";"15";"CASTELLO"
"CENTRALE";"700";"VERONA";"San Bonifacio";"CINEMA";"37047";"9";"VIA";"4199";"51";"GUGLIELMO MARCONI"
"CINECENTRUM - SALA CINQUE";"90";"VERONA";"Legnago";"CINEMA";"37045";"13";"VIA";"15873";"326";"MANTOVA"
"CINECENTRUM - SALA DUE";"144";"VERONA";"Legnago";"CINEMA";"37045";"13";"VIA";"22544";"333";"MANTOVA"
"CINECENTRUM - SALA QUATTRO";"120";"VERONA";"Legnago";"CINEMA";"37045";"13";"VIA";"19616";"324";"MANTOVA"
"CINECENTRUM - SALA TRE";"81";"VERONA";"Legnago";"CINEMA";"37045";"13";"VIA";"6837";"216";"MANTOVA"
"CINECENTRUM - SALA UNO";"108";"VERONA";"Legnago";"CINEMA";"37045";"13";"VIA";"11754";"287";"MANTOVA"
"CORALLO";"224";"VERONA";"Bardolino";"CINEMA";"37011";"SNC";"VIA";"1723";"18";"FOSSE"
"CORTILE S. TERESA";"200";"VERONA";"Verona";"ALL'APERTO";"37135";"23";"VIA";"775";"12";"MOLINARA"
"CRISTALLO  - SALA 1";"1087";"VERONA";"San Bonifacio";"CINEMA";"37047";"9";"CORSO";"33842";"340";"ITALIA"
"CRISTALLO  - SALA 2";"627";"VERONA";"San Bonifacio";"CINEMA";"37047";"9";"CORSO";"35174";"340";"ITALIA"
"CRISTALLO  - SALA 3";"240";"VERONA";"San Bonifacio";"CINEMA";"37047";"9";"CORSO";"18459";"341";"ITALIA"
"DIAMANTE";"512";"VERONA";"Verona";"CINEMA";"37136";"5";"VIA";"22789";"176";"PIETRO ZECCHINATO"
"FIUME";"500";"VERONA";"Verona";"CINEMA";"37123";"14";"VICOLO";"47865";"321";"CERE"
"ISTITUTO AGRARIO BOVOLINO";"100";"VERONA";"Buttapietra";"ALL'APERTO";"37060";"1";"VIALE DELL'";"294";"8";"AGRICOLTURA"
"JOY";"100";"VERONA";"Verona";"SEDE ASSOCIAZ.";"37121";"1";"PIAZZETTA";"40";"1";"SEREGO"
"KAPPADUE";"500";"VERONA";"Verona";"CINEMA";"37123";"1/B";"VIA";"42620";"265";"ANTONIO ROSMINI"
"MIGNON";"144";"VERONA";"Cerea";"CINEMA";"37053";"2";"VIA";"13762";"207";"DON DARIO CORDIOLI"
"MOTTA";"300";"VERONA";"San Bonifacio";"ALL'APERTO";"37047";"1";"VIA";"173";"2";"MOTTO"
"NUOVO";"350";"VERONA";"Caprino Veronese";"CINEMA";"37013";"SNC";"VIA";"1253";"19";"ALCIDE DE GASPERI"
"NUOVO";"440";"VERONA";"Verona";"CINEMA";"37132";"7/C";"VIA";"7095";"47";"VINCENZO MONTI"
"PARROCCHIALE RIZZA";"200";"VERONA";"Verona";"SALA";"37135";"7";"PIAZZA";"1314";"17";"24 FEBBRAIO 1945"
"PERONI";"260";"VERONA";"San Martino Buon Albergo";"CINEMA";"37036";"23";"PIAZZA DEL";"2995";"41";"POPOLO"
"PIAZZA DEL CAMPO";"300";"VERONA";"Ronco all'Adige";"ALL'APERTO";"37055";"SNC";"PIAZZA DEL";"83";"1";"CAMPO"
"PIAZZA SAN MARTINO";"100";"VERONA";"Nogarole Rocca";"ALL'APERTO";"37060";"SNC";"VIA";"120";"2";"EUROPA"
"PICCOLO SALIERI";"99";"VERONA";"Legnago";"TEATRO";"37045";"11";"VIALE";"17";"1";"DON MINZONI"
"PINDEMONTE";"500";"VERONA";"Verona";"CINEMA";"37124";"2";"VIA";"25344";"208";"SABOTINO"
"PRINCIPE";"394";"VERONA";"Cerea";"CINEMA";"37053";"11";"VIA";"1500";"69";"ROMA"
"RISTORI";"498";"VERONA";"Verona";"TEATRO";"37122";"7";"VIA";"1593";"6";"TEATRO RISTORI"
"RIVOLI - SALA 1";"100";"VERONA";"Verona";"CINEMA";"37121";"10";"PIAZZA";"32621";"366";"BRA'"
"RIVOLI - SALA 2";"136";"VERONA";"Verona";"CINEMA";"37121";"10";"PIAZZA";"50135";"361";"BRA'"
"RIVOLI - SALA 3";"100";"VERONA";"Verona";"CINEMA";"37121";"10";"PIAZZA";"31525";"366";"BRA'"
"SALUS";"429";"VERONA";"Legnago";"CINEMA";"37045";"9";"VIA";"10704";"132";"MARSALA"
"SANTA MARIA IN CHIAVICA";"100";"VERONA";"Verona";"SALA";"37121";"SNC";"VIA";"46";"4";"SANTA MARIA ANTICA"
"S. MASSIMO";"310";"VERONA";"Verona";"TEATRO";"37139";"6";"VIA";"5891";"68";"BRIGATA AOSTA"
"SMERALDO";"500";"VERONA";"Valeggio sul Mincio";"TEATRO";"37067";"SNC";"PIAZZA";"846";"6";"SAN ROCCO"
"S. TERESA";"356";"VERONA";"Verona";"TEATRO";"37135";"23";"VIA";"351";"7";"MOLINARA"
"STIMATE";"396";"VERONA";"Verona";"CINEMA";"37122";"3";"VIA";"2273";"10";"CARLO MONTANARI"
"TEATRO COMUNALE";"233";"VERONA";"Sant'Anna d'Alfaedo";"TEATRO";"37020";"SNC";"PIAZZA";"95";"3";"VITTORIO EMANUELE"
"TEATRO CONTARDO FERRINI";"326";"VERONA";"Cologna Veneta";"CINEMA";"37044";"10";"VIA";"2792";"23";"ANTONIO PAPESSO"
"TEATRO DI TORRI DEL BENACO";"300";"VERONA";"Torri del Benaco";"TEATRO";"37010";"SNC";"VIA";"1333";"10";"GARDESANA"
"TEATRO LABORATORIO ARSENALE";"150";"VERONA";"Verona";"SALA";"37126";"8";"PIAZZA";"278";"5";"ARSENALE"
"TEATRO NUOVO";"844";"VERONA";"Verona";"TEATRO";"37121";"10";"PIAZZA";"877";"13";"FRANCESCO VIVIANI"
"TEATRO PARROCCHIALE";"300";"VERONA";"Bussolengo";"TEATRO";"37012";"3";"PIAZZA";"1607";"18";"NUOVA"
"THE SPACE CINEMA - SALA 1";"123";"VERONA";"Sona";"CINEMA";"37060";"1";"VIA";"37235";"365";"TRENTINO"
"THE SPACE CINEMA - SALA 2";"89";"VERONA";"Sona";"CINEMA";"37060";"1";"VIA";"28751";"365";"TRENTINO"
"THE SPACE CINEMA - SALA 3";"101";"VERONA";"Sona";"CINEMA";"37060";"1";"VIA";"30036";"366";"TRENTINO"
"THE SPACE CINEMA - SALA 4";"131";"VERONA";"Sona";"CINEMA";"37060";"1";"VIA";"40995";"366";"TRENTINO"
"THE SPACE CINEMA - SALA 5";"154";"VERONA";"Sona";"CINEMA";"37060";"1";"VIA";"41423";"361";"TRENTINO"
"THE SPACE CINEMA - SALA 6";"135";"VERONA";"Sona";"CINEMA";"37060";"1";"VIA";"38378";"365";"TRENTINO"
"THE SPACE CINEMA - SALA 7";"219";"VERONA";"Sona";"CINEMA";"37060";"1";"VIA";"61882";"365";"TRENTINO"
"THE SPACE CINEMA - SALA 8";"279";"VERONA";"Sona";"CINEMA";"37060";"1";"VIA";"75364";"363";"TRENTINO"
"UCI CINEMAS VERONA - SALA 1";"396";"VERONA";"San Giovanni Lupatoto";"CINEMA";"37057";"5";"VIA";"75861";"364";"MONTE AMIATA"
"UCI CINEMAS VERONA - SALA 10";"152";"VERONA";"San Giovanni Lupatoto";"CINEMA";"37057";"5";"VIA";"24751";"360";"MONTE AMIATA"
"UCI CINEMAS VERONA - SALA 11";"178";"VERONA";"San Giovanni Lupatoto";"CINEMA";"37057";"5";"VIA";"38263";"363";"MONTE AMIATA"
"UCI CINEMAS VERONA - SALA 12";"172";"VERONA";"San Giovanni Lupatoto";"CINEMA";"37057";"5";"VIA";"39216";"364";"MONTE AMIATA"
"UCI CINEMAS VERONA - SALA 2";"163";"VERONA";"San Giovanni Lupatoto";"CINEMA";"37057";"5";"VIA";"40678";"363";"MONTE AMIATA"
"UCI CINEMAS VERONA - SALA 3";"130";"VERONA";"San Giovanni Lupatoto";"CINEMA";"37057";"5";"VIA";"20280";"363";"MONTE AMIATA"
"UCI CINEMAS VERONA - SALA 4";"130";"VERONA";"San Giovanni Lupatoto";"CINEMA";"37057";"5";"VIA";"26994";"364";"MONTE AMIATA"
"UCI CINEMAS VERONA - SALA 5";"142";"VERONA";"San Giovanni Lupatoto";"CINEMA";"37057";"5";"VIA";"30895";"365";"MONTE AMIATA"
"UCI CINEMAS VERONA - SALA 6";"188";"VERONA";"San Giovanni Lupatoto";"CINEMA";"37057";"5";"VIA";"34898";"366";"MONTE AMIATA"
"UCI CINEMAS VERONA - SALA 7";"297";"VERONA";"San Giovanni Lupatoto";"CINEMA";"37057";"5";"VIA";"54815";"364";"MONTE AMIATA"
"UCI CINEMAS VERONA - SALA 8";"138";"VERONA";"San Giovanni Lupatoto";"CINEMA";"37057";"5";"VIA";"26608";"364";"MONTE AMIATA"
"UCI CINEMAS VERONA - SALA 9";"168";"VERONA";"San Giovanni Lupatoto";"CINEMA";"37057";"5";"VIA";"36412";"360";"MONTE AMIATA"
"VALPANTENA";"285";"VERONA";"Grezzana";"CINEMA";"37023";"1";"PIAZZA";"4304";"48";"CARLO EDERLE"
"VIRTUS";"228";"VERONA";"Sommacampagna";"CINEMA";"37066";"1";"VIA";"9035";"69";"OSPEDALETTO"
"VITTORIA";"334";"VERONA";"Bosco Chiesanuova";"CINEMA";"37021";"1";"PIAZZA";"8072";"57";"GUGLIELMO MARCONI"
"ARACELI";"416";"VICENZA";"Vicenza";"CINEMA";"36100";"20";"BORGO";"24614";"238";"SCROFFA"
"ARCOBALENO";"150";"VICENZA";"Vicenza";"CINEMA";"36100";"266";"VIALE DELLA";"11561";"356";"PACE"
"ARCOBALENO CINEMA";"500";"VICENZA";"Torrebelvicino";"CINEMA";"36036";"24";"VIA";"2008";"20";"ANTONIO FOGAZZARO"
"ARENA PARCO SEBELLIN";"580";"VICENZA";"Rossano Veneto";"CINEMA";"36028";"22";"VIA";"2284";"13";"BASSANO"
"AUDITORIUM COMUNALE";"236";"VICENZA";"Piovene Rocchette";"AUDITORIUM";"36013";"1";"PIAZZA DEGLI";"3909";"30";"ALPINI"
"AURORA";"630";"VICENZA";"Malo";"MONOSALA CINEMA";"36034";"38";"VIA";"6576";"65";"CHIESA"
"AURORA";"630";"VICENZA";"Malo";"MONOSALA CINEMA";"36034";"38";"VIA";"8480";"67";"CHIESA"
"AURORA";"266";"VICENZA";"Sossano";"CINEMA";"36040";"2";"VIA";"3098";"52";"ROMA"
"BUSNELLI";"394";"VICENZA";"Dueville";"CINEMA";"36031";"30";"VIA";"6759";"111";"DANTE"
"CAMPANA";"141";"VICENZA";"Marano Vicentino";"CINEMA";"36035";"2";"VIA";"8601";"151";"VITTORIO VENETO"
"CARDINALE DALLA COSTA";"350";"VICENZA";"Villaverla";"CINEMA";"36030";"1";"VIA";"2627";"26";"CARDINALE E. DALLA COSTA"
"CASTELLO DI ROMEO";"500";"VICENZA";"Montecchio Maggiore";"CINEMA";"36075";"1";"VIA";"4441";"20";"SALITA CASTELLI"
"CHARLIE CHAPLIN CINEMAS - SALA BLU";"390";"VICENZA";"Arzignano";"CINEMA";"36071";"14";"VIA";"16743";"307";"CAMPO MARZIO"
"CHARLIE CHAPLIN CINEMAS - SALA ROSSA";"110";"VICENZA";"Arzignano";"CINEMA";"36071";"14";"VIA";"13708";"309";"CAMPO MARZIO"
"CHARLIE CHAPLIN CINEMAS - SALA VERDE";"110";"VICENZA";"Arzignano";"CINEMA";"36071";"14";"VIA";"8456";"297";"CAMPO MARZIO"
"CINECIAK";"231";"VICENZA";"Lonigo";"CINEMA";"36045";"116";"VIA";"4745";"226";"CESARE BATTISTI"
"CINEGHEL";"208";"VICENZA";"Gallio";"CINEMA";"36032";"01";"VIA";"3897";"106";"XI FEBBRAIO"
"CONFERENZE";"120";"VICENZA";"Carrè";"SALA";"36010";"19";"VIA";"74";"1";"MONTE ORTIGARA"
"CORTILE SCUOLE ELEMENTARI";"400";"VICENZA";"Trissino";"ALL'APERTO";"36070";"1";"VIA";"585";"4";"DANTE"
"DA PONTE";"592";"VICENZA";"Bassano del Grappa";"SALA";"36061";"34/A";"PIAZZALE";"12549";"131";"LUIGI CADORNA"
"DON BOSCO CINEMA";"374";"VICENZA";"Arsiero";"MONOSALA CINEMA";"36011";"10";"VIA";"826";"19";"RIVA"
"ELISEO";"352";"VICENZA";"Lonigo";"CINEMA";"36045";"12";"VIA";"16019";"291";"TRIESTE"
"EUROPA";"183";"VICENZA";"Vicenza";"CINEMA";"36100";"266";"VIALE DELLA";"3479";"119";"PACE"
"FAMIGLIA";"300";"VICENZA";"Noventa Vicentina";"CINEMA";"36025";"1";"VIA";"2574";"34";"GIACOMO MATTEOTTI"
"GIARDINI PAROLINI";"550";"VICENZA";"Bassano del Grappa";"ALL'APERTO";"36061";"52/M";"PIAZZALE";"14305";"62";"TRENTO"
"GIUSEPPE VERDI";"460";"VICENZA";"Breganze";"CINEMA";"36042";"1";"VIA";"3076";"34";"GENERALE MAGLIETTA"
"GRILLO PARLANTE";"288";"VICENZA";"Asiago";"CINEMA";"36012";"21";"VIA";"7730";"111";"MONSIGNOR D. BORTOLI"
"LUX";"169";"VICENZA";"Recoaro Terme";"CINEMA";"36076";"17";"PIAZZA";"129";"4";"DOLOMITI"
"LUX";"374";"VICENZA";"Camisano Vicentino";"CINEMA";"36043";"20";"VIA";"6188";"48";"MARCONI"
"LUX - TEATRO";"380";"VICENZA";"Asiago";"CINEMA";"36012";"01";"VIA";"38387";"300";"GIACOMO MATTEOTTI"
"MARCONI";"480";"VICENZA";"Isola Vicentina";"CINEMA";"36033";"1";"PIAZZA";"5191";"73";"GUGLIELMO MARCONI"
"MARTINOVICH";"128";"VICENZA";"Bassano del Grappa";"SALA";"36061";"34/A";"PIAZZALE";"13868";"243";"LUIGI CADORNA"
"METROPOLIS SALA 1";"297";"VICENZA";"Bassano del Grappa";"CINEMA";"36061";"84";"VIA";"88085";"364";"CRISTOFORO COLOMBO"
"METROPOLIS SALA 2";"109";"VICENZA";"Bassano del Grappa";"CINEMA";"36061";"84";"VIA";"38153";"365";"CRISTOFORO COLOMBO"
"METROPOLIS SALA 3";"109";"VICENZA";"Bassano del Grappa";"CINEMA";"36061";"84";"VIA";"32010";"365";"CRISTOFORO COLOMBO"
"METROPOLIS SALA 4";"102";"VICENZA";"Bassano del Grappa";"CINEMA";"36061";"84";"VIA";"34717";"365";"CRISTOFORO COLOMBO"
"METROPOLIS SALA 5";"105";"VICENZA";"Bassano del Grappa";"CINEMA";"36061";"84";"VIA";"36301";"365";"CRISTOFORO COLOMBO"
"METROPOLIS SALA 6";"177";"VICENZA";"Bassano del Grappa";"CINEMA";"36061";"84";"VIA";"55665";"364";"CRISTOFORO COLOMBO"
"MONTEGRAPPA TEATRO";"412";"VICENZA";"Rosà";"CINEMA";"36027";"7";"VIA";"15636";"113";"CAPITANO ALESSIO"
"MOROSINI CAPPELLO";"300";"VICENZA";"Cartigliano";"ALL'APERTO";"36050";"1";"VIALE";"396";"3";"CAPPELLO"
"ODEON";"525";"VICENZA";"Vicenza";"CINEMA";"36100";"176";"CORSO";"111968";"333";"ANDREA PALLADIO"
"ODEON - LAMPERTICO";"91";"VICENZA";"Vicenza";"CINEMA";"36100";"176";"CORSO";"9";"1";"ANDREA PALLADIO"
"ODEON - LAMPERTICO";"91";"VICENZA";"Vicenza";"CINEMA";"36100";"176";"CORSO";"315";"6";"ANDREA PALLADIO"
"PALAZZO TOALDI CAPRA";"280";"VICENZA";"Schio";"CINEMA";"36015";"52";"VIA";"2751";"20";"PASUBIO"
"PALLADIO";"100";"VICENZA";"Roana";"TEATRO";"36010";"SNC";"VIA";"1236";"23";"BUSIBOLLO"
"PARCO GIOCHI QUARTIERE SANTI";"200";"VICENZA";"Cassola";"ALL'APERTO";"36022";"SNC";"VIA";"50";"1";"SAN BONAVENTURA"
"PARROCCHIALE";"100";"VICENZA";"Marostica";"SALA";"36063";"3";"VIA";"679";"11";"SISEMOL"
"PARROCCHIALE";"100";"VICENZA";"Marostica";"SALA";"36063";"3";"VIA";"2265";"40";"SISEMOL"
"PASUBIO";"500";"VICENZA";"Schio";"CINEMA";"36015";"4";"VIA";"37755";"167";"PIETRO MARASCHIN"
"PATRONATO LEONE XIII";"468";"VICENZA";"Vicenza";"CINEMA";"36100";"1";"CONTRA'";"32439";"273";"VITTORIO VENETO"
"PATRONATO S.GAETANO";"450";"VICENZA";"Thiene";"CINEMA";"36016";"100";"VIA";"22182";"174";"SANTA MARIA MADDALENA"
"PIAZZALE ORATORIO DON BOSCO";"250";"VICENZA";"Valdagno";"ALL'APERTO";"36078";"14";"VIALE";"434";"12";"TRENTO"
"PICCOLO EDEN";"210";"VICENZA";"Thiene";"CINEMA";"36016";"17";"VIA";"5066";"306";"MASSIMILIANO KOLBE"
"POLIVALENTE LUX";"350";"VICENZA";"Castelgomberto";"SALA";"36070";"38";"VIA";"1232";"6";"BOCCA"
"PRIMAVERA";"330";"VICENZA";"Vicenza";"CINEMA";"36100";"3";"VIA";"8962";"73";"ANTONIO FEDERICO OZANAM"
"RIDOTTO REMONDINI";"100";"VICENZA";"Bassano del Grappa";"SALA";"36061";"1";"VIA";"175";"5";"SANTISSIMA TRINITA'"
"ROMA - ROMA SALA 1";"150";"VICENZA";"Vicenza";"CINEMA";"36100";"11";"STRADELLA";"25144";"365";"DEI FILIPPINI"
"ROMA - ROMA SALA 2";"140";"VICENZA";"Vicenza";"CINEMA";"36100";"11";"STRADELLA";"23028";"364";"DEI FILIPPINI"
"ROMA - ROMA SALA 3";"150";"VICENZA";"Vicenza";"CINEMA";"36100";"11";"STRADELLA";"29713";"366";"DEI FILIPPINI"
"ROMA - ROMA SALA 4";"145";"VICENZA";"Vicenza";"CINEMA";"36100";"11";"STRADELLA";"23994";"365";"DEI FILIPPINI"
"ROMA - ROMA SALA 5";"148";"VICENZA";"Vicenza";"CINEMA";"36100";"11";"STRADELLA";"25707";"366";"DEI FILIPPINI"
"ROMA - ROMA SALA 6";"34";"VICENZA";"Vicenza";"CINEMA";"36100";"11";"STRADELLA";"12037";"366";"DEI FILIPPINI"
"SALA ARENA";"410";"VICENZA";"Sandrigo";"CINEMA";"36066";"10";"VIA";"9277";"101";"SAN GAETANO"
"SALA DELLA COMUNITA'";"214";"VICENZA";"Brendola";"SALA";"36040";"28";"VIA";"2738";"38";"CARBONARA"
"SAN PIETRO";"484";"VICENZA";"Montecchio Maggiore";"CINEMA";"36075";"48";"VIA";"4513";"56";"GIACOMO MATTEOTTI"
"SCUOLE MEDIE/ELEMENTARI";"200";"VICENZA";"Pozzoleone";"PALESTRA";"36050";"30";"VIA";"307";"3";"CASONA"
"S. PIO X";"418";"VICENZA";"Cartigliano";"CINEMA";"36050";"5";"VIALE";"3081";"57";"SAN PIO X"
"SUPER - SALA UTILE/DULCI";"381";"VICENZA";"Valdagno";"CINEMA";"36078";"28";"VIALE";"20496";"280";"TRENTO"
"SUPER - SALA ZAFFONATO";"150";"VICENZA";"Valdagno";"CINEMA";"36078";"28";"VIALE";"10066";"258";"TRENTO"
"T.ARDOR";"200";"VICENZA";"Tonezza del Cimone";"MONOSALA CINEMA";"36040";"2";"CONTRA'";"357";"2";"CAMPANA"
"TEATRO - PALAZZO CULTURA E TURISMO - NUOVO TEATRO ENEGO";"266";"VICENZA";"Enego";"TEATRO";"36052";"1";"VIA";"759";"18";"CHIESA"
"TEATRO SALESIANO";"200";"VICENZA";"Schio";"MONOSALA CINEMA";"36015";"14";"VIA";"7177";"93";"GUGLIELMO MARCONI"
"TEATRO SOCIALE";"620";"VICENZA";"Schio";"MONOSALA CINEMA";"36015";"26";"VIA";"19720";"176";"PASUBIO"
"THE SPACE CINEMA VICENZA - SALA 1";"267";"VICENZA";"Torri di Quartesolo";"CINEMA";"36040";"SNC";"VIA";"58141";"365";"BRESCIA"
"THE SPACE CINEMA VICENZA - SALA 2";"127";"VICENZA";"Torri di Quartesolo";"CINEMA";"36040";"SNC";"VIA";"27795";"365";"BRESCIA"
"THE SPACE CINEMA VICENZA - SALA 3";"206";"VICENZA";"Torri di Quartesolo";"CINEMA";"36040";"SNC";"VIA";"41464";"366";"BRESCIA"
"THE SPACE CINEMA VICENZA - SALA 4";"251";"VICENZA";"Torri di Quartesolo";"CINEMA";"36040";"SNC";"VIA";"44989";"366";"BRESCIA"
"THE SPACE CINEMA VICENZA - SALA 5";"404";"VICENZA";"Torri di Quartesolo";"CINEMA";"36040";"SNC";"VIA";"90676";"366";"BRESCIA"
"THE SPACE CINEMA VICENZA - SALA 6";"251";"VICENZA";"Torri di Quartesolo";"CINEMA";"36040";"SNC";"VIA";"45158";"359";"BRESCIA"
"THE SPACE CINEMA VICENZA - SALA 7";"206";"VICENZA";"Torri di Quartesolo";"CINEMA";"36040";"SNC";"VIA";"37701";"366";"BRESCIA"
"THE SPACE CINEMA VICENZA - SALA 8";"127";"VICENZA";"Torri di Quartesolo";"CINEMA";"36040";"SNC";"VIA";"28160";"366";"BRESCIA"
"THE SPACE CINEMA VICENZA - SALA 9";"267";"VICENZA";"Torri di Quartesolo";"CINEMA";"36040";"SNC";"VIA";"54133";"366";"BRESCIA"
"VIA BATTISTI";"1000";"VICENZA";"Bolzano Vicentino";"ALL'APERTO";"36050";"SNC";"VIA";"220";"1";"BATTISTI"
"VILLA FABRIS";"1000";"VICENZA";"Thiene";"PARCO";"36016";"1";"VIA";"6674";"33";"TRIESTE"
"CINEMA EDEN";"310";"BELLUNO";"Cortina d'Ampezzo";"CINEMA";"32043";"SNC";"VIA";"31582";"285";"CESARE BATTISTI"
"DOLOMITI";"235";"BELLUNO";"Falcade";"CINEMA";"32020";"98";"CORSO";"4664";"99";"ROMA"
"ITALIA";"334";"BELLUNO";"Belluno";"CINEMA";"32100";"8";"VIA";"20844";"346";"GIUSEPPE GARIBALDI"
"KURSAAL";"332";"BELLUNO";"Auronzo di Cadore";"CINEMA";"32041";"26";"VIA";"3887";"104";"ROMA"
"LA PETITE LUMIERE - SALA BLU";"107";"BELLUNO";"Belluno";"CINEMA";"32100";"9";"VIA DEGLI";"32889";"350";"AGRICOLTORI"
"LA PETITE LUMIERE - SALA ROSSA";"109";"BELLUNO";"Belluno";"CINEMA";"32100";"9";"VIA DEGLI";"34126";"350";"AGRICOLTORI"
"LA PETITE LUMIERE - SALA VERDE";"107";"BELLUNO";"Belluno";"CINEMA";"32100";"9";"VIA DEGLI";"30415";"340";"AGRICOLTORI"
"OFFICINEMA";"176";"BELLUNO";"Feltre";"CINEMA";"32032";"4";"PIAZZA";"28886";"319";"ANTONIO CAMBRUZZI"
"OPERE PARROCCHIALI";"250";"BELLUNO";"Longarone";"SALA";"32013";"SNC";"VIA";"384";"4";"SAN CRISTOFORO"
"ORATORIO PARROCCHIAL";"150";"BELLUNO";"Santa Giustina";"SALA";"32035";"SNC";"PIAZZA";"230";"3";"MAGGIORE"
"PIAVE";"243";"BELLUNO";"Santo Stefano di Cadore";"CINEMA";"32045";"SNC";"VIA";"4611";"279";"VENEZIA"
"AURORA";"309";"TREVISO";"Treviso";"CIRC.CINEMA";"31100";"34";"VIA";"6577";"46";"SEBASTIANO VENIER"
"BARCHESSA VILLA SERENA";"300";"TREVISO";"Ponzano Veneto";"ALL'APERTO";"31050";"45";"VIA";"262";"3";"GIOVANNI BATTISTA CICOGNA"
"BIBLIOTECA";"100";"TREVISO";"Vittorio Veneto";"SALA";"31029";"SNC";"PIAZZA";"575";"16";"GIOVANNI PAOLO I"
"BIBLIOTECA COMUNALE";"100";"TREVISO";"Povegliano";"ALL'APERTO";"31050";"26";"BORGO";"253";"3";"SAN DANIELE"
"CARENI";"460";"TREVISO";"Pieve di Soligo";"TEATRO";"31053";"16";"VIA";"12278";"109";"GUGLIELMO MARCONI"
"CINECITY - SALA 1";"488";"TREVISO";"Silea";"CINEMA";"31057";"8";"VIA";"119532";"366";"SILE"
"CINECITY - SALA 10";"228";"TREVISO";"Silea";"CINEMA";"31057";"8";"VIA";"52175";"366";"SILE"
"CINECITY - SALA 11";"124";"TREVISO";"Silea";"CINEMA";"31057";"8";"VIA";"34314";"366";"SILE"
"CINECITY - SALA 12";"338";"TREVISO";"Silea";"CINEMA";"31057";"8";"VIA";"78961";"366";"SILE"
"CINECITY - SALA 2";"124";"TREVISO";"Silea";"CINEMA";"31057";"8";"VIA";"35037";"365";"SILE"
"CINECITY - SALA 3";"214";"TREVISO";"Silea";"CINEMA";"31057";"8";"VIA";"55032";"366";"SILE"
"CINECITY - SALA 4";"228";"TREVISO";"Silea";"CINEMA";"31057";"8";"VIA";"56460";"366";"SILE"
"CINECITY - SALA 5";"124";"TREVISO";"Silea";"CINEMA";"31057";"8";"VIA";"37143";"365";"SILE"
"CINECITY - SALA 6";"302";"TREVISO";"Silea";"CINEMA";"31057";"8";"VIA";"76274";"366";"SILE"
"CINECITY - SALA 7";"228";"TREVISO";"Silea";"CINEMA";"31057";"8";"VIA";"60800";"363";"SILE"
"CINECITY - SALA 8";"124";"TREVISO";"Silea";"CINEMA";"31057";"8";"VIA";"34466";"364";"SILE"
"CINECITY - SALA 9";"212";"TREVISO";"Silea";"CINEMA";"31057";"8";"VIA";"48698";"365";"SILE"
"CINEMA";"346";"TREVISO";"Mogliano Veneto";"CINEMA";"31021";"39";"VIA";"9502";"136";"DON GIOVANNI BOSCO"
"CINEMA MASERADA";"200";"TREVISO";"Maserada sul Piave";"ALL'APERTO";"31052";"1";"VIALE";"194";"2";"ANTONIO CACCIANIGA"
"COMUNALE PAESE";"0";"TREVISO";"Paese";"PALESTRA";"31038";"NON DISPON";"VIA";"41";"1";"OLIMPIA, SNC"
"CORSO - SALA 1";"396";"TREVISO";"Treviso";"CINEMA";"31100";"28";"CORSO DEL";"23372";"365";"POPOLO"
"CORSO - SALA 2";"118";"TREVISO";"Treviso";"CINEMA";"31100";"28";"CORSO DEL";"13437";"361";"POPOLO"
"CORSO - SALA 3";"120";"TREVISO";"Treviso";"CINEMA";"31100";"28";"CORSO DEL";"12179";"357";"POPOLO"
"CORTILE BOLASCO";"500";"TREVISO";"Castelfranco Veneto";"ALL'APERTO";"31033";"SNC";"BORGO";"5286";"29";"TREVISO"
"CRISTALLO";"550";"TREVISO";"Oderzo";"CINEMA";"31046";"44";"VIA";"30278";"305";"GIUSEPPE GARIBALDI"
"DEI GIUSEPPINI";"200";"TREVISO";"Spresiano";"CHIESA";"31027";"SNC";"VIA DEI";"321";"3";"GIUSEPPINI"
"DUSE";"500";"TREVISO";"Asolo";"TEATRO";"31011";"1";"PIAZZETTA";"399";"2";"ELEONORA DUSE"
"EDEN";"98";"TREVISO";"Vidor";"CINEMA";"31020";"32";"VIA";"5807";"365";"SCANDOLERA"
"EDERA - SALA 1";"210";"TREVISO";"Treviso";"CINEMA";"31100";"14";"VIA";"49546";"347";"ALBERTO RADAELLI"
"EDERA - SALA 2";"151";"TREVISO";"Treviso";"CINEMA";"31100";"14";"VIA";"37373";"347";"ALBERTO RADAELLI"
"EMBASSY";"759";"TREVISO";"Treviso";"CINEMA";"31100";"19";"LARGO";"7621";"250";"PORTA ALTINIA"
"GIOVANNI XXIII";"414";"TREVISO";"Cornuda";"CINEMA";"31041";"42";"PIAZZA";"3010";"49";"GIOVANNI XXIII"
"HESPERIA - SALA DUE";"100";"TREVISO";"Castelfranco Veneto";"CINEMA";"31033";"11/1";"VIA";"19626";"347";"GIORGIO SAVIANE"
"HESPERIA - SALA UNO";"208";"TREVISO";"Castelfranco Veneto";"CINEMA";"31033";"11/1";"VIA";"26156";"338";"GIORGIO SAVIANE"
"ITALIA - ITALIA 1 SALA ROSSA";"208";"TREVISO";"Montebelluna";"CINEMA";"31044";"31";"VIALE DELLA";"37752";"352";"VITTORIA"
"ITALIA - ITALIA 2 SALA BLU";"88";"TREVISO";"Montebelluna";"CINEMA";"31044";"31";"VIALE DELLA";"20221";"349";"VITTORIA"
"ITALIA - ITALIA 3 SALA AMARANTO";"96";"TREVISO";"Montebelluna";"CINEMA";"31044";"31";"VIALE DELLA";"19234";"352";"VITTORIA"
"MANZONI - SALA1";"300";"TREVISO";"Paese";"CINEMA";"31038";"18";"VIA";"33673";"280";"CESARE BATTISTI"
"MANZONI - SALA 2";"119";"TREVISO";"Paese";"CINEMA";"31038";"18";"VIA";"21361";"295";"CESARE BATTISTI"
"MANZONI - SALA 3";"99";"TREVISO";"Paese";"CINEMA";"31038";"18";"VIA";"15867";"293";"CESARE BATTISTI"
"MELIES - MULTISALA - SALA 1";"390";"TREVISO";"Conegliano";"CINEMA";"31015";"SNC";"VIALE";"61686";"366";"GIACOMO MATTEOTTI"
"MELIES - MULTISALA - SALA 2";"238";"TREVISO";"Conegliano";"CINEMA";"31015";"SNC";"VIALE";"35417";"366";"GIACOMO MATTEOTTI"
"MELIES - MULTISALA - SALA 3";"158";"TREVISO";"Conegliano";"CINEMA";"31015";"SNC";"VIALE";"19524";"274";"GIACOMO MATTEOTTI"
"MELIES - MULTISALA - SALA 4";"238";"TREVISO";"Conegliano";"CINEMA";"31015";"SNC";"VIALE";"26725";"364";"GIACOMO MATTEOTTI"
"MELIES - MULTISALA - SALA 5";"258";"TREVISO";"Conegliano";"CINEMA";"31015";"SNC";"VIALE";"43059";"364";"GIACOMO MATTEOTTI"
"NICOLO' BOCASSINO";"300";"TREVISO";"Valdobbiadene";"AUDITORIUM";"31049";"1";"VIALE";"1941";"46";"GIUSEPPE MAZZINI"
"PALAZZO GIACOMELLI";"100";"TREVISO";"Treviso";"SALA";"31100";"13";"PIAZZA";"150";"2";"GIUSEPPE GARIBALDI"
"PARCO PAPADOPOLI";"400";"TREVISO";"Vittorio Veneto";"ALL'APERTO";"31029";"SNC";"PIAZZA";"370";"7";"GIOVANNI PAOLO I"
"PICCOLO EDERA";"51";"TREVISO";"Treviso";"CINEMA";"31100";"14";"VIA";"26941";"347";"ALBERTO RADAELLI"
"SCUOLA MEDIA";"150";"TREVISO";"Carbonera";"SCUOLA";"31030";"56";"VIA";"261";"2";"ROMA"
"TEATRO MARGHERITA";"620";"TREVISO";"Riese Pio X";"ARENA";"31039";"SNC";"VIA";"805";"9";"GIUSEPPE SARTO"
"TENDA LAGO";"200";"TREVISO";"Revine Lago";"ALL'APERTO";"31020";"SNC";"VIA";"2448";"9";"GUGLIELMO MARCONI"
"VERDI SALA 1";"270";"TREVISO";"Vittorio Veneto";"CINEMA";"31029";"8";"VIA";"23540";"352";"GIROLAMO LIONI"
"VERDI SALA 2";"150";"TREVISO";"Vittorio Veneto";"CINEMA";"31029";"8";"VIA";"16378";"346";"GIROLAMO LIONI"
"VERDI SALA 3";"150";"TREVISO";"Vittorio Veneto";"CINEMA";"31029";"8";"VIA";"13258";"340";"GIROLAMO LIONI"
"VERDI SALA 4";"122";"TREVISO";"Vittorio Veneto";"CINEMA";"31029";"8";"VIA";"10176";"308";"GIROLAMO LIONI"
"VILLA CAVALIERI";"200";"TREVISO";"Arcade";"ALL'APERTO";"31030";"45";"VIA";"238";"4";"ROMA"
"VILLA MARGHERITA";"250";"TREVISO";"Treviso";"SALA";"31100";"SNC";"VIALE";"1483";"10";"GIAN GIACOMO FELISSENT"
"VILLA ONESTI-BON";"150";"TREVISO";"Paese";"ALL'APERTO";"31038";"SNC";"VIA";"103";"2";"GUGLIELMO MARCONI"
"ALL'APERTO PIAZZALE MUNICIPIO";"150";"VENEZIA";"Vigonovo";"ALL'APERTO";"30030";"SNC";"VIA";"289";"2";"VENETO"
"APERTO MARGHERA";"1000";"VENEZIA";"Venezia";"ALL'APERTO";"30175";"SNC";"PIAZZA DEL";"12518";"19";"MERCATO"
"ARENA ESTIVA GRUARO";"200";"VENEZIA";"Gruaro";"ALL'APERTO";"30020";"SNC";"VIA";"211";"2";"ROMA"
"ARENA ESTIVA S.POLO";"1110";"VENEZIA";"Venezia";"ALL'APERTO";"30125";"1";"CAMPO";"17326";"41";"SAN POLO"
"ASTRA - ASTRA 1";"225";"VENEZIA";"Venezia";"CINEMA";"30126";"9";"VIA";"22050";"311";"CORFU'"
"ASTRA - ASTRA 2";"136";"VENEZIA";"Venezia";"CINEMA";"30126";"9";"VIA";"14914";"306";"CORFU'"
"CASA DEL CINEMA";"50";"VENEZIA";"Venezia";"CINEMA";"30135";"1990";"S.TOPON.";"1831";"60";"SANTA CROCE"
"CONCORDIA";"360";"VENEZIA";"Concordia Sagittaria";"CINEMA";"30023";"46";"VIA";"7344";"82";"I MAGGIO"
"CORMORANO";"195";"VENEZIA";"Cavallino-Treporti";"SALA";"30013";"1";"PIAZZA";"2228";"22";"PAPA GIOVANNI PAOLO II"
"CRISTALLO - SALA 1";"240";"VENEZIA";"San Donà di Piave";"CINEMA";"30027";"1";"VIA";"13488";"288";"LUNGO PIAVE SUPERIORE"
"CRISTALLO - SALA 2";"260";"VENEZIA";"San Donà di Piave";"CINEMA";"30027";"1";"VIA";"15547";"298";"LUNGO PIAVE SUPERIORE"
"DANTE";"260";"VENEZIA";"Venezia";"MONOSALA CINEMA";"30171";"12";"VIA";"25092";"297";"SERNAGLIA"
"DON BOSCO";"357";"VENEZIA";"Chioggia";"CINEMA";"30015";"361";"CALLE";"8794";"117";"DON BOSCO"
"DON BOSCO";"420";"VENEZIA";"San Donà di Piave";"CINEMA";"30027";"86";"VIA";"15450";"124";"TREDICI MARTIRI"
"DUECENTO";"400";"VENEZIA";"Portogruaro";"CINEMA";"30026";"34";"VIA";"2325";"104";"ANNIA"
"ELIOS ALDO'";"299";"VENEZIA";"Scorzè";"TEATRO";"30037";"1";"VIA";"191";"4";"CERCARIOLO"
"EXCELSIOR - EXCELSIOR 1";"241";"VENEZIA";"Venezia";"CINEMA";"30174";"16";"PIAZZA";"45535";"363";"ERMINIO FERRETTO"
"EXCELSIOR - EXCELSIOR 2";"142";"VENEZIA";"Venezia";"CINEMA";"30174";"16";"PIAZZA";"23032";"365";"ERMINIO FERRETTO"
"EXCELSIOR - EXCELSIOR 3";"124";"VENEZIA";"Venezia";"CINEMA";"30174";"16";"PIAZZA";"21349";"359";"ERMINIO FERRETTO"
"GIARDINO SERRE VILLA PISANI";"300";"VENEZIA";"Stra";"ALL'APERTO";"30039";"SNC";"VIA";"1451";"9";"NAZIONALE"
"GIORGIONE - GIORGIONE SALA A";"213";"VENEZIA";"Venezia";"CINEMA";"30121";"4612";"S.TOPON.";"29891";"304";"CANNAREGIO"
"GIORGIONE - GIORGIONE SALA B";"74";"VENEZIA";"Venezia";"CINEMA";"30121";"4612";"S.TOPON.";"16119";"303";"CANNAREGIO"
"ITALIA";"432";"VENEZIA";"Dolo";"CINEMA";"30031";"12";"VIA";"5378";"23";"COMUNETTO"
"KUADRA";"100";"VENEZIA";"Chioggia";"BAR";"30015";"530";"VIALE";"66";"3";"MEDITERRANEO"
"MULTISALA CORSO - CORSINO";"104";"VENEZIA";"Venezia";"CINEMA";"30172";"40";"CORSO DEL";"16340";"292";"POPOLO"
"MULTISALA CORSO - CORSO";"960";"VENEZIA";"Venezia";"CINEMA";"30172";"40";"CORSO DEL";"26819";"258";"POPOLO"
"MUNICIPIO";"100";"VENEZIA";"Vigonovo";"ALL'APERTO";"30030";"SNC";"VIA";"166";"1";"VENETO"
"ORATORIO";"162";"VENEZIA";"Salzano";"CINEMA";"30030";"61";"VIA";"3615";"52";"XXV APRILE"
"PALAPLIP";"200";"VENEZIA";"Venezia";"AUDITORIUM";"30174";"195";"VIA";"63";"2";"SAN DONA'"
"PALAZZO - PALAZZO 1";"182";"VENEZIA";"Venezia";"CINEMA";"30174";"29";"VIA";"25817";"311";"PALAZZO"
"PALAZZO - PALAZZO 2";"194";"VENEZIA";"Venezia";"CINEMA";"30174";"29";"VIA";"26172";"309";"PALAZZO"
"PARCO VILLA COMUNALE";"300";"VENEZIA";"Portogruaro";"ALL'APERTO";"30026";"SNC";"VIA";"613";"3";"SEMINARIO"
"PARCO VILLA FARSETTI";"2500";"VENEZIA";"Santa Maria di Sala";"ALL'APERTO";"30036";"1";"VIA";"1157";"12";"ROMA"
"PIAVE";"400";"VENEZIA";"Venezia";"MONOSALA CINEMA";"30171";"24";"VIA";"34735";"365";"PREMUDA"
"PIAZZA 18 GIUGNO";"200";"VENEZIA";"Musile di Piave";"ALL'APERTO";"30024";"1";"PIAZZA";"333";"5";"XVIII GIUGNO"
"PIO DECIMO";"196";"VENEZIA";"Venezia";"CINEMA";"30142";"143";"VIA DI";"942";"32";"VIGNA"
"RONDINE";"360";"VENEZIA";"Martellago";"CINEMA";"30030";"50";"PIAZZA";"634";"7";"IV NOVEMBRE"
"ROSSINI - 1";"300";"VENEZIA";"Venezia";"CINEMA";"30124";"3997/A";"S.TOPON.";"14361";"70";"SAN MARCO"
"ROSSINI - 2";"110";"VENEZIA";"Venezia";"CINEMA";"30124";"3997/A";"S.TOPON.";"6262";"70";"SAN MARCO"
"ROSSINI - 3";"110";"VENEZIA";"Venezia";"CINEMA";"30124";"3997/A";"S.TOPON.";"6263";"70";"SAN MARCO"
"TEATRO COMUNALE DARIO FO";"271";"VENEZIA";"Camponogara";"TEATRO";"30010";"35";"PIAZZA";"294";"4";"CASTELLARO"
"TEATRO MIRANO - TEATRO MIRANO 1";"400";"VENEZIA";"Mirano";"CINEMA";"30035";"75";"VIA DELLA";"27778";"246";"VITTORIA"
"TEATRO MIRANO - TEATRO MIRANO 2";"100";"VENEZIA";"Mirano";"CINEMA";"30035";"75";"VIA DELLA";"16943";"262";"VITTORIA"
"TEATRO MIRANO - TEATRO MIRANO 3";"100";"VENEZIA";"Mirano";"CINEMA";"30035";"75";"VIA DELLA";"16802";"259";"VITTORIA"
"UCI MARCON - SALA 01";"153";"VENEZIA";"Marcon";"CINEMA";"30020";"1";"VIA";"18000";"354";"ENRICO MATTEI"
"UCI MARCON - SALA 02";"210";"VENEZIA";"Marcon";"CINEMA";"30020";"1";"VIA";"20845";"355";"ENRICO MATTEI"
"UCI MARCON - SALA 03";"318";"VENEZIA";"Marcon";"CINEMA";"30020";"1";"VIA";"28733";"356";"ENRICO MATTEI"
"UCI MARCON - SALA 04";"410";"VENEZIA";"Marcon";"CINEMA";"30020";"1";"VIA";"43492";"355";"ENRICO MATTEI"
"UCI MARCON - SALA 05";"118";"VENEZIA";"Marcon";"CINEMA";"30020";"1";"VIA";"13728";"349";"ENRICO MATTEI"
"UCI MARCON - SALA 06";"152";"VENEZIA";"Marcon";"CINEMA";"30020";"1";"VIA";"24122";"354";"ENRICO MATTEI"
"UCI MARCON - SALA 07";"141";"VENEZIA";"Marcon";"CINEMA";"30020";"1";"VIA";"21052";"355";"ENRICO MATTEI"
"UCI MARCON - SALA 08";"152";"VENEZIA";"Marcon";"CINEMA";"30020";"1";"VIA";"13302";"338";"ENRICO MATTEI"
"UCI MARCON - SALA 09";"118";"VENEZIA";"Marcon";"CINEMA";"30020";"1";"VIA";"12148";"350";"ENRICO MATTEI"
"UCI MARCON - SALA 10";"410";"VENEZIA";"Marcon";"CINEMA";"30020";"1";"VIA";"32211";"358";"ENRICO MATTEI"
"UCI MARCON - SALA 11";"189";"VENEZIA";"Marcon";"CINEMA";"30020";"1";"VIA";"24681";"357";"ENRICO MATTEI"
"UCI MARCON - SALA 12";"130";"VENEZIA";"Marcon";"CINEMA";"30020";"1";"VIA";"17093";"358";"ENRICO MATTEI"
"UCI MESTRE - SALA 01";"276";"VENEZIA";"Venezia";"CINEMA";"30175";"SNC";"VIA";"44658";"356";"COLOMBARA"
"UCI MESTRE - SALA 02";"201";"VENEZIA";"Venezia";"CINEMA";"30175";"SNC";"VIA";"22702";"353";"COLOMBARA"
"UCI MESTRE - SALA 03";"125";"VENEZIA";"Venezia";"CINEMA";"30175";"SNC";"VIA";"19656";"354";"COLOMBARA"
"UCI MESTRE - SALA 04";"111";"VENEZIA";"Venezia";"CINEMA";"30175";"SNC";"VIA";"14826";"353";"COLOMBARA"
"UCI MESTRE - SALA 05";"265";"VENEZIA";"Venezia";"CINEMA";"30175";"SNC";"VIA";"30794";"333";"COLOMBARA"
"UCI MESTRE - SALA 06";"225";"VENEZIA";"Venezia";"CINEMA";"30175";"SNC";"VIA";"23027";"356";"COLOMBARA"
"UCI MESTRE - SALA 07";"104";"VENEZIA";"Venezia";"CINEMA";"30175";"SNC";"VIA";"13390";"333";"COLOMBARA"
"UCI MESTRE - SALA 08";"250";"VENEZIA";"Venezia";"CINEMA";"30175";"SNC";"VIA";"31756";"352";"COLOMBARA"
"UCI MESTRE - SALA 09";"179";"VENEZIA";"Venezia";"CINEMA";"30175";"SNC";"VIA";"18361";"349";"COLOMBARA"
"UCI MESTRE - SALA 10";"217";"VENEZIA";"Venezia";"CINEMA";"30175";"SNC";"VIA";"27256";"354";"COLOMBARA"
"UCI MESTRE - SALA 11";"128";"VENEZIA";"Venezia";"CINEMA";"30175";"SNC";"VIA";"16185";"353";"COLOMBARA"
"UCI MESTRE - SALA 12";"116";"VENEZIA";"Venezia";"CINEMA";"30175";"SNC";"VIA";"17407";"354";"COLOMBARA"
"UCI MESTRE - SALA 13";"205";"VENEZIA";"Venezia";"CINEMA";"30175";"SNC";"VIA";"30410";"355";"COLOMBARA"
"VERDI - VERDI A";"302";"VENEZIA";"Cavarzere";"CINEMA";"30014";"4";"PIAZZETTA";"2846";"226";"MAINARDI"
"VERDI - VERDI B";"120";"VENEZIA";"Cavarzere";"CINEMA";"30014";"4";"PIAZZETTA";"2503";"230";"MAINARDI"
"VIVALDI";"499";"VENEZIA";"Jesolo";"AUDITORIUM";"30017";"1";"VIALE DEL";"1870";"44";"BERSAGLIERE"
"ALL'APERTO";"300";"PADOVA";"Conselve";"ALL'APERTO";"35026";"SNC";"PIAZZA";"2267";"18";"DANTE"
"APERTO VILLA CONTARI";"10000";"PADOVA";"Piazzola sul Brenta";"ALL'APERTO";"35016";"1";"VIA";"407";"3";"LUIGI CAMERINI"
"ARENA MARTINELLI";"400";"PADOVA";"Montagnana";"ALL'APERTO";"35044";"SNC";"PIAZZA";"748";"7";"TRIESTE"
"ARENA MONTEMERLO";"500";"PADOVA";"Cervarese Santa Croce";"ALL'APERTO";"35030";"101";"VIA";"308";"2";"ROMA"
"ARENA ROMANA";"200";"PADOVA";"Padova";"ARENA";"35121";"SNC";"PIAZZA";"7571";"76";"EREMITANI"
"ASTRA - ASTRA 1";"334";"PADOVA";"Padova";"CINEMA";"35132";"21";"VIA";"34319";"317";"TIZIANO ASPETTI"
"ASTRA - ASTRA 2";"150";"PADOVA";"Padova";"CINEMA";"35132";"21";"VIA";"19627";"321";"TIZIANO ASPETTI"
"ASTRA - ASTRA 3";"106";"PADOVA";"Padova";"CINEMA";"35132";"21";"VIA";"15790";"322";"TIZIANO ASPETTI"
"AURORA";"442";"PADOVA";"Campodarsego";"CINEMA";"35011";"1";"PIAZZA";"5680";"78";"EUROPA"
"BELLINI";"320";"PADOVA";"Montagnana";"CINEMA";"35044";"3";"VIA";"13616";"182";"BERGHETTA II"
"CASA DI RIPOSO";"500";"PADOVA";"Pontelongo";"ALL'APERTO";"35029";"26";"VIA";"722";"5";"MARTIRI D'UNGHERIA"
"CENTRO CIVICO PRESCA";"100";"PADOVA";"Selvazzano Dentro";"SALA";"35030";"11";"VIA";"618";"7";"CRISTOFORO COLOMBO"
"CENTRO POLIVALENTE";"150";"PADOVA";"San Martino di Lupari";"ALL'APERTO";"35018";"5";"VIA";"2105";"12";"TRENTO"
"CHIOSTRO S.FRANCESCO";"480";"PADOVA";"Este";"ALL'APERTO";"35042";"23";"VIA";"892";"7";"GIUSEPPE GARIBALDI"
"CINECITY MULTIPLEX - SALA 1";"572";"PADOVA";"Limena";"CINEMA";"35010";"15/16";"VIA";"134952";"362";"V.S. BREDA"
"CINECITY MULTIPLEX - SALA 10";"138";"PADOVA";"Limena";"CINEMA";"35010";"15/16";"VIA";"46741";"366";"V.S. BREDA"
"CINECITY MULTIPLEX - SALA 11";"130";"PADOVA";"Limena";"CINEMA";"35010";"15/16";"VIA";"37868";"366";"V.S. BREDA"
"CINECITY MULTIPLEX - SALA 12";"130";"PADOVA";"Limena";"CINEMA";"35010";"15/16";"VIA";"39956";"366";"V.S. BREDA"
"CINECITY MULTIPLEX - SALA 13";"130";"PADOVA";"Limena";"CINEMA";"35010";"15/16";"VIA";"36614";"366";"V.S. BREDA"
"CINECITY MULTIPLEX - SALA 14";"118";"PADOVA";"Limena";"CINEMA";"35010";"15/16";"VIA";"33530";"366";"V.S. BREDA"
"CINECITY MULTIPLEX - SALA 2";"464";"PADOVA";"Limena";"CINEMA";"35010";"15/16";"VIA";"111099";"364";"V.S. BREDA"
"CINECITY MULTIPLEX - SALA 3";"150";"PADOVA";"Limena";"CINEMA";"35010";"15/16";"VIA";"43942";"366";"V.S. BREDA"
"CINECITY MULTIPLEX - SALA 4";"150";"PADOVA";"Limena";"CINEMA";"35010";"15/16";"VIA";"43063";"363";"V.S. BREDA"
"CINECITY MULTIPLEX - SALA 5";"322";"PADOVA";"Limena";"CINEMA";"35010";"15/16";"VIA";"84960";"365";"V.S. BREDA"
"CINECITY MULTIPLEX - SALA 6";"274";"PADOVA";"Limena";"CINEMA";"35010";"15/16";"VIA";"77198";"366";"V.S. BREDA"
"CINECITY MULTIPLEX - SALA 7";"182";"PADOVA";"Limena";"CINEMA";"35010";"15/16";"VIA";"52749";"366";"V.S. BREDA"
"CINECITY MULTIPLEX - SALA 8";"222";"PADOVA";"Limena";"CINEMA";"35010";"15/16";"VIA";"64718";"366";"V.S. BREDA"
"CINECITY MULTIPLEX - SALA 9";"196";"PADOVA";"Limena";"CINEMA";"35010";"15/16";"VIA";"61501";"365";"V.S. BREDA"
"CINEMA MARCONI";"500";"PADOVA";"Piove di Sacco";"CINEMA";"35028";"7";"VIA";"9264";"105";"GAUSLINO"
"CINEMA MARCONI";"250";"PADOVA";"Conselve";"CINEMA";"35026";"23";"VIA";"16492";"207";"VITTORIO EMANUELE II"
"CINEMA POLITEAMA";"295";"PADOVA";"Piove di Sacco";"CINEMA";"35028";"19";"VIA";"17422";"259";"CAMILLO BENSO CONTE DI CAVOUR"
"CINEPLEX - SALA 01";"370";"PADOVA";"Due Carrare";"CINEMA";"35020";"14";"VIA";"37625";"338";"ANTONIO DE CURTIS"
"CINEPLEX - SALA 02";"348";"PADOVA";"Due Carrare";"CINEMA";"35020";"14";"VIA";"31819";"336";"ANTONIO DE CURTIS"
"CINEPLEX - SALA 03";"302";"PADOVA";"Due Carrare";"CINEMA";"35020";"14";"VIA";"27157";"361";"ANTONIO DE CURTIS"
"CINEPLEX - SALA 04";"234";"PADOVA";"Due Carrare";"CINEMA";"35020";"14";"VIA";"18960";"305";"ANTONIO DE CURTIS"
"CINEPLEX - SALA 05";"116";"PADOVA";"Due Carrare";"CINEMA";"35020";"14";"VIA";"15225";"363";"ANTONIO DE CURTIS"
"CINEPLEX - SALA 06";"104";"PADOVA";"Due Carrare";"CINEMA";"35020";"14";"VIA";"13063";"305";"ANTONIO DE CURTIS"
"CINEPLEX - SALA 07";"104";"PADOVA";"Due Carrare";"CINEMA";"35020";"14";"VIA";"13226";"360";"ANTONIO DE CURTIS"
"CINEPLEX - SALA 08";"200";"PADOVA";"Due Carrare";"CINEMA";"35020";"14";"VIA";"19529";"358";"ANTONIO DE CURTIS"
"CINEPLEX - SALA 09";"216";"PADOVA";"Due Carrare";"CINEMA";"35020";"14";"VIA";"17890";"306";"ANTONIO DE CURTIS"
"CINEPLEX - SALA 10";"212";"PADOVA";"Due Carrare";"CINEMA";"35020";"14";"VIA";"15573";"304";"ANTONIO DE CURTIS"
"COLLEGIO DON MAZZA";"200";"PADOVA";"Padova";"SCUOLA";"35137";"176";"VIA";"1055";"11";"SAVONAROLA"
"CORALLO";"228";"PADOVA";"Monselice";"CINEMA";"35043";"1";"VIA";"3373";"69";"SAN LUIGI"
"CORTILE BARBARIGO";"200";"PADOVA";"Padova";"ALL'APERTO";"35122";"7";"VIA DEL";"2464";"29";"SEMINARIO"
"DUCALE";"220";"PADOVA";"Padova";"CINEMA";"35126";"34";"VIA";"31075";"328";"JACOPO FACCIOLATI"
"ESPERIA";"300";"PADOVA";"Padova";"CINEMA";"35136";"90";"VIA";"10577";"232";"CHIESANUOVA"
"FARINELLI";"328";"PADOVA";"Este";"CINEMA";"35042";"8";"VIA";"20775";"252";"ANTONIO ZANCHI"
"FILARMONICO COMUNALE";"221";"PADOVA";"Piove di Sacco";"TEATRO";"35028";"7";"VIA";"499";"13";"GIROLAMO CARDANO"
"LA PERLA";"500";"PADOVA";"Torreglia";"CINEMA";"35038";"47";"VIA";"1153";"7";"MIRABELLO"
"LAS VEGAS";"350";"PADOVA";"Trebaseleghe";"CINEMA";"35010";"15";"VIA";"14216";"144";"CASTELLANA"
"LUX";"270";"PADOVA";"Padova";"CINEMA";"35124";"9";"VIALE";"16074";"224";"FELICE CAVALLOTTI"
"MARCONI";"400";"PADOVA";"Abano Terme";"CINEMA";"35031";"3";"VIA";"6405";"88";"SAN PIO X"
"MPX DONATELLO";"86";"PADOVA";"Padova";"CINEMA";"35129";"22";"VIA";"15925";"321";"ANTONIO FRANCESCO BONPORTI"
"MPX GIOTTO";"99";"PADOVA";"Padova";"CINEMA";"35129";"22";"VIA";"17956";"321";"ANTONIO FRANCESCO BONPORTI"
"MPX PETRARCA";"556";"PADOVA";"Padova";"CINEMA";"35129";"22";"VIA";"33076";"299";"ANTONIO FRANCESCO BONPORTI"
"MUSEO DEL VETRO";"50";"PADOVA";"Montegrotto Terme";"MUSEO";"35036";"1";"VIA";"81";"6";"ENRICO FERMI"
"PALLADIO";"410";"PADOVA";"Cittadella";"CINEMA";"35014";"4";"VIA";"3914";"13";"MONTE GRAPPA"
"PICCOLO TEATRO DON BOSCO";"390";"PADOVA";"Padova";"TEATRO";"35142";"2";"VIA";"13539";"106";"ASOLO"
"REX";"440";"PADOVA";"Padova";"CINEMA";"35126";"4";"VIA";"12392";"146";"SANT'OSVALDO"
"RUZANTE";"200";"PADOVA";"Padova";"TEATRO";"35123";"44";"RIVIERA";"911";"7";"TITO LIVIO"
"SALA 1 PORTO ASTRA";"152";"PADOVA";"Padova";"CINEMA";"35125";"20";"VIA";"39362";"366";"SANTA MARIA ASSUNTA"
"SALA 2 PORTO ASTRA";"188";"PADOVA";"Padova";"CINEMA";"35125";"20";"VIA";"59088";"365";"SANTA MARIA ASSUNTA"
"SALA 3 PORTO ASTRA";"102";"PADOVA";"Padova";"CINEMA";"35125";"20";"VIA";"26464";"366";"SANTA MARIA ASSUNTA"
"SALA 4 PORTO ASTRA";"102";"PADOVA";"Padova";"CINEMA";"35125";"20";"VIA";"24334";"364";"SANTA MARIA ASSUNTA"
"SALA 5 PORTO ASTRA";"102";"PADOVA";"Padova";"CINEMA";"35125";"20";"VIA";"29336";"366";"SANTA MARIA ASSUNTA"
"SALA 6 PORTO ASTRA";"102";"PADOVA";"Padova";"CINEMA";"35125";"20";"VIA";"29730";"365";"SANTA MARIA ASSUNTA"
"SALA 7 PORTO ASTRA";"158";"PADOVA";"Padova";"CINEMA";"35125";"20";"VIA";"43558";"366";"SANTA MARIA ASSUNTA"
"SALA 8 PORTO ASTRA";"206";"PADOVA";"Padova";"CINEMA";"35125";"20";"VIA";"35827";"286";"SANTA MARIA ASSUNTA"
"SAN GIORGIO";"296";"PADOVA";"San Giorgio in Bosco";"TEATRO";"35010";"1";"VIA";"65";"1";"SEGA"
"S.MARTINO CENTRO PARR.LE";"100";"PADOVA";"Vigodarzere";"SALA";"35010";"147";"VIA";"200";"2";"ROMA"
"SS.SIMONE E GIUDA PATRONATO";"100";"PADOVA";"Saonara";"SALA";"35020";"10";"PIAZZALE";"271";"2";"SAN SIMONE"
"TEATRO GIARDINO";"426";"PADOVA";"San Giorgio delle Pertiche";"TEATRO";"35010";"3";"VIA";"15665";"104";"ROMA"
"TORRESINO";"147";"PADOVA";"Padova";"CINEMA";"35122";"2";"VIA DEL";"3610";"68";"TORRESINO"
"VIA ADRIA";"380";"PADOVA";"Padova";"ALL'APERTO";"35142";"2";"VIA";"4456";"30";"ADRIA"
"VIA BUONARROTI";"100";"PADOVA";"Padova";"ALL'APERTO";"35134";"60";"VIA";"684";"4";"MICHELANGELO BUONARROTI"
"VILLA CAMPELLO";"300";"PADOVA";"Camposampiero";"ALL'APERTO";"35012";"12";"VIA";"278";"2";"TISO"
"VILLA CONTARINI";"4000";"PADOVA";"Piazzola sul Brenta";"SALA";"35016";"1";"VIA DEI";"439";"3";"CONTARINI"
"CINERGIA - SALA 1";"145";"ROVIGO";"Rovigo";"CINEMA";"45100";"209";"VIALE";"39245";"350";"PORTA PO"
"CINERGIA - SALA 2";"122";"ROVIGO";"Rovigo";"CINEMA";"45100";"209";"VIALE";"24793";"350";"PORTA PO"
"CINERGIA - SALA 3";"122";"ROVIGO";"Rovigo";"CINEMA";"45100";"209";"VIALE";"25199";"349";"PORTA PO"
"CINERGIA - SALA 4";"259";"ROVIGO";"Rovigo";"CINEMA";"45100";"209";"VIALE";"60989";"350";"PORTA PO"
"CINERGIA - SALA 5";"259";"ROVIGO";"Rovigo";"CINEMA";"45100";"209";"VIALE";"62385";"348";"PORTA PO"
"CINERGIA - SALA 6";"122";"ROVIGO";"Rovigo";"CINEMA";"45100";"209";"VIALE";"26386";"350";"PORTA PO"
"CINERGIA - SALA 7";"122";"ROVIGO";"Rovigo";"CINEMA";"45100";"209";"VIALE";"27667";"350";"PORTA PO"
"CINERGIA - SALA 8";"145";"ROVIGO";"Rovigo";"CINEMA";"45100";"209";"VIALE";"37283";"350";"PORTA PO"
"EDEN SALA 1";"306";"ROVIGO";"Porto Viro";"CINEMA";"45014";"51";"VIA";"17877";"319";"CESARE BATTISTI"
"EDEN SALA 2";"222";"ROVIGO";"Porto Viro";"CINEMA";"45014";"51";"VIA";"8942";"306";"CESARE BATTISTI"
"EDEN SALA 3";"96";"ROVIGO";"Porto Viro";"CINEMA";"45014";"51";"VIA";"4958";"252";"CESARE BATTISTI"
"MIGNON";"143";"ROVIGO";"Lendinara";"CINEMA";"45026";"4";"PIAZZALE";"936";"8";"DUOMO"
"POLITEAMA";"360";"ROVIGO";"Adria";"CINEMA";"45011";"211";"CORSO";"8043";"179";"VITTORIO EMANUELE"
"POLITEAMA - POLITEAMA SALA A";"700";"ROVIGO";"Badia Polesine";"CINEMA";"45021";"259";"VIA";"12545";"300";"CIGNO"
"POLITEAMA - POLITEAMA SALA B";"126";"ROVIGO";"Badia Polesine";"CINEMA";"45021";"259";"VIA";"10522";"315";"CIGNO"
"TEATRO COTOGNI";"144";"ROVIGO";"Castelmassa";"TEATRO";"45035";"SNC";"PIAZZA";"136";"5";"VITTORIO VENETO"
"TEATRO TENDA";"220";"ROVIGO";"Rosolina";"CINEMA";"45010";"SNC";"VIA";"2556";"55";"PO DI LEVANTE"
